{"0":"No Chest Accessory","1":"Blue Stacks Shirt","2":"Pink Dress with Black Bra","3":"Black Dress with Red Bra","4":"Brown Loincloth","5":"Blue Bow Tie","6":"Black Bow Tie with Black and Silver Suspenders","7":"Black and Silver Suspenders","8":"Red and Black Bikini Top","9":"Green Tie","A":"Amethyst Necklace","B":"Black Bow Tie","C":"Red Tie","D":"Semi Transparent Shirt","E":"Red Bow Tie","F":"Duel Open Carry","G":"Gold Necklace","H":"Blue Tie","I":"Odd Shirt","J":"Jade Necklace","K":"Knifes","L":"Bitcoin Bikini Top","M":"Tie Die Shirt","N":"Stacks Medal","O":"Bitcoin Medal","P":"Pink Tie","Q":"Purple Bikini Top","R":"Ruby Necklace","S":"Red to Black Gradient Shirt","T":"Stacks Bikini Top","U":"Red Bow Tie with Black and Silver Suspenders","V":"Voluntarism Shirt","W":"Red Tie with Black and Red Suspenders","X":"Orange Bitcoin Shirt","Y":"Silver Loincloth","Z":"Turquoise Gradient Dress with Black Bra"}