{"0":"Black Eyes and Black Eyebrows","1":"Black Eyes and Brown Eyebrows","2":"Black Eyes and Blonde Eyebrows","3":"Black Eyes and Grey Eyebrows","4":"Black Eyes and Orange Eyebrows","5":"Black Eyes and Red Eyebrows","6":"Black Eyes and Pink Eyebrows","7":"Black Eyes and Purple Eyebrows","8":"Black Eyes and Blue Eyebrows","9":"Black Eyes and Orange Eyebrows","A":"Black Eyes and Green Eyebrows","B":"Bloodshot Black Eyes and Black Eyebrows","C":"Bloodshot Black Eyes and Blonde Eyebrows","D":"Bloodshot Black Eyes and Grey Eyebrows","E":"Bloodshot Black Eyes and Orange Eyebrows","F":"Bloodshot Black Eyes and Red Eyebrows","G":"Bloodshot Black Eyes and Pink Eyebrows","H":"Bloodshot Black Eyes and Purple Eyebrows","I":"Bloodshot Black Eyes and Blue Eyebrows","J":"Bloodshot Black Eyes and Green Eyebrows","K":"Red Eyes and Black Eyebrows","L":"Dark Blue Eyes and Black Eyebrows","M":"Green Eyes and Black Eyebrows","N":"Brown Eyes and Black Eyebrows","O":"Pink Eyes and Black Eyebrows","P":"Purple Eyes and Black Eyebrows","Q":"Light Blue Eyes and Black Eyebrows","R":"Aquamarine Eyes and Aquamarine Gradient Eyebrows","S":"Red Eyes and Red Gradient Eyebrows","T":"Blue Eyes and Blue Gradient Eyebrows","U":"Purple Eyes and Purple Gradient Eyebrows","V":"Green Left Eye, Blue Right Eye, and Light Blue Gradient Eyebrows","W":"Red Left Eye, Yellow Right Eye, and Green Gradient Eyebrows","X":"Blue Left Eye, Orange Right Eye, and Teal Gradient Eyebrows","Y":"Teal Left Eye, Red Right Eye, and Pink Gradient Eyebrows","Z":"Light Blue Left Eye, Red Right Eye, and Brown Gradient Eyebrows"}