{"0":"No Top Accessory","1":"Long Brown Hair and Simple Gold Crown with Turquoise Gems","2":"Long Black Hair and Bitcoin Bicorne","3":"Long White Hair and Black Top Hat with Orange Band","4":"No Hair and Camo Head Wrap","5":"Long Light Pink and Full Pink Glass Crown with Topaz Gems","6":"Bitcoin Bandana Headband","7":"Stacks Bandana Headband","8":"Black Hair Mohawk","9":"Long Blonde Hair and Simple Gold Crown with Amethyst Gems","A":"Stacks Baseball Cap","B":"Full Silver Crown with Amethyst Gems","C":"Black and Blue Hair Mohawk","D":"Long Black Hair and Black Top Hat with Red Band","E":"Blonde and Purple Hair Mohawk","F":"Bitcoin Bandana Headband with Short Front Orange Hair","G":"Long Brown Hair and Purple Wonka Top Hat with Grey Band and Stacks Button","H":"Stacks Bandana Headband with Short Front Orange Hair","I":"Orange Hair Mohawk","J":"No Hair and Head Wrap","K":"Long Black Hair and Full Silver Crown with Gold Rivets","L":"Black Top Hat with Blue Band","M":"Bitcoin Bandana Headband with Short Front Grey Hair","N":"Long White Hair and Black Top Hat with Grey Band","O":"Long Blonde Hair and Camo Head Wrap","P":"Stacks Bicorne","Q":"Long Brown Hair and Full Gold Crown with Ruby Gems","R":"Long Grey Hair and Black Top Hat with Grey Band and Bitcoin Card","S":"Golfer Cap","T":"Bitcoin Bandana Headband with Short Front Black Hair","U":"Stacks Bandana Headband with Short Front Pink Hair","V":"Blue Hair Mohawk","W":"Black Top Hat with Grey Band","X":"Long Pink Hair and Simple Leather Crown with Diamond Gems","Y":"Full Golden Royal Crown","Z":"Bitcoin Baseball Cap"}