{"0":"No Eye Accessory","1":"Red Lazer Eyes","2":"Blue Lazer Eyes","3":"Intense Orange Lazer Eyes","4":"Eye Patch","5":"Light Orange Lazer Eyes","6":"Purple Lazer Eyes","7":"Blue and Red Lazer Eyes","8":"Bitcoin Eye Patch","9":"Stacks Eye Patch","A":"Pink and Blue Lazer Eyes","B":"Yellow and Orange Lazer Eyes","C":"Black Shades","D":"Dark Red Shades","E":"Blue Shades","F":"Green Shades","G":"Yellow Shades","H":"3D Cinema Shades","I":"Orange VR Goggles","J":"Red VR Goggles","K":"Blue VR Goggles","L":"Green VR Goggles","M":"Black Eye Mask","N":"Purple Eye Mask","O":"Blue Eye Mask","P":"Red Eye Mask","Q":"Orange Eye Mask","R":"Orange Lens Monocle","S":"Blue Lens Monocle","T":"Clear Lens Monocle","U":"Red Lens Monocle","V":"Orange Shutter Party Glasses","W":"Blue Shutter Party Glasse","X":"Teal Shutter Party Glasse","Y":"Purple Shutter Party Glasse","Z":"Loathful Aviators"}