{"0":"Spring Green","1":"Royal Aquamarine","2":"Yellow Flamingo","3":"Aquamarine","4":"Mustard","5":"Royal Green","6":"Ash Green","7":"Black Flamingo","8":"Cardinal","9":"Peachberry","A":"Appleberry","B":"Celeste","C":"Royal Cardinal","D":"Pistachio","E":"Crimson Chameleon","F":"Indigo Cocoa","G":"Fuchia Green","H":"Mutant Green","I":"Artic","J":"Carmine","K":"Umber","L":"Indigo Emerald","M":"Iredescent Pearl","N":"Vampire","O":"Bitcoin Marmalade","P":"Stacks Marmalade","Q":"Lavendar","R":"Aqua Fuchia","S":"Orange Belly","T":"Byzantine","U":"Zilla","V":"Dragon","W":"Zombie","X":"Blue Belly","Y":"Elderberry","Z":"Macaw"}