{"0":"No Teeth","1":"Large Front Tooth","2":"Small Secondary Tooth","3":"Large Final Tooth","4":"Small Front Tooth and Large Final Tooth","5":"Small Front Tooth and Small Secondary Tooth and Large Final Tooth","6":"Large Front Tooth and Large Final Tooth","7":"Clean Fang","8":"Large Front Tooth and Large Final Tooth and Small Secondary Tooth and Small Tertiary Tooth","9":"Small Tertiary Tooth","A":"Large Final Tooth and Small Tertiary Tooth","B":"Large Final Tooth and Small Secondary Tooth and Small Tertiary Tooth","C":"Large Front Tooth and Large Final Tooth and Small Tertiary Tooth","D":"Large Front Tooth and Small Secondary Tooth","E":"Large Front Tooth and Small Secondary Tooth and Small Tertiary Tooth","F":"Small Secondary Tooth and Small Tertiary Tooth","G":"Large Gold Front Tooth and Large Final Tooth and Small Tertiary Tooth","H":"Large Diamond Front Tooth","I":"Large Gold Front Tooth and Small Diamond Secondary Tooth and Small Diamond Tertiary Tooth","J":"Small Diamond Front Tooth and Large Diamond Final Tooth","K":"Small Bloody Front Tooth and Large Bloody Final Tooth","L":"Bloody Fang","M":"Large Gold Final Tooth and Small Diamond Tertiary Tooth","N":"Large Bloody Final Tooth and Small Bloody Tertiary Tooth and Small Bloody Secondary Tooth ","O":"Large Front Tooth and Large Final Tooth and Small Secondary Tooth and Small Tertiary Tooth with Braces","P":"Large Final Tooth and a Snaggle Tooth and Small Secondary Tooth and Small Front Tooth ","Q":"Smoking with a Stem with Smoke","R":"Smoking with a Stem without Smoke","S":"Smoking","T":"Large Final Tooth and Small Secondary Tooth and Smoking","U":"Large Final Tooth and Small Secondary Tooth and a Snaggle Tooth and Smoking","V":"Large Final Tooth and Smoking","W":"Tongue","X":"Large Final Tooth and Tongue","Y":"Large Final Tooth and Small Back Snaggle Tooth and Tongue","Z":"Bloody Large Final Tooth and Small Tertiary Tooth and Tongue"}